ID,Title,Summary,Link,Author,Domain,Field,Subtitle 1,Subtitle 2,Subtitle 3,Subtitle 4,Subtitle 5,Subtitle 6,Subtitle 7,Subtitle 8
1,"Healthcare Expert","Specialized in advancements in healthcare technology","http://example.com/expert1","John Doe","Health","Technology","AI in Medicine","Telemedicine","Patient Data Security","Healthcare Accessibility","Personalized Medicine","Healthcare Innovation","Rural Healthcare","Medical Robotics"
2,"AI Expert","Focused on Artificial Intelligence applications","http://example.com/expert2","Jane Smith","Technology","AI","AI in Business","AI Ethics","Machine Learning","Neural Networks","Data Analytics","Natural Language Processing","Automation","Robotics"
3,"Cybersecurity Specialist","Expert in digital security systems","http://example.com/expert3","Mike Johnson","Technology","Cybersecurity","Network Security","Data Encryption","Threat Analysis","Firewalls","Ethical Hacking","Privacy Protection","Incident Response","Security Policies"
4,"Environmental Scientist","Specializing in climate change and sustainability","http://example.com/expert4","Sara Lee","Environment","Climate Science","Global Warming","Ecosystem Disruption","Carbon Footprint","Renewable Energy","Pollution Control","Sustainable Agriculture","Climate Policy","Greenhouse Gases"
5,"Business Strategist","Expert in digital transformation and corporate growth","http://example.com/expert5","David White","Business","Strategy","Business Development","Market Expansion","Leadership","Corporate Innovation","Supply Chain Management","Agile Methodologies","Customer Experience","Brand Development"
6,"Data Scientist","Specializing in big data and analytics","http://example.com/expert6","Emily Davis","Technology","Data Science","Data Mining","Predictive Analytics","Machine Learning","Artificial Intelligence","Data Visualization","Statistical Modeling","Cloud Computing","Data Governance"
7,"Renewable Energy Specialist","Expert in solar, wind, and other renewable energy technologies","http://example.com/expert7","Chris Martin","Energy","Renewables","Solar Power","Wind Energy","Hydropower","Energy Storage","Smart Grids","Sustainable Energy Solutions","Energy Efficiency","Carbon Neutrality"
8,"Space Scientist","Focused on space exploration and satellite technologies","http://example.com/expert8","Angela Scott","Science","Space","Astronomy","Mars Exploration","Satellite Technology","Space Exploration","Artificial Gravity","Cosmic Radiation","Space Tourism","Astronaut Health"
9,"Marketing Expert","Specializing in digital marketing and consumer engagement","http://example.com/expert9","Tom Brown","Marketing","Digital Marketing","SEO Optimization","Content Strategy","Influencer Marketing","PPC Campaigns","Branding","Customer Retention","Mobile Marketing","E-commerce Strategies"
10,"Smart City Expert","Specialized in urban development and smart city infrastructure","http://example.com/expert10","Grace Walker","Urban Planning","Smart Cities","Urban Mobility","Sustainable Infrastructure","IoT Integration","Smart Homes","Public Safety","Green Building","Energy Management","Waste Reduction"
11,"Blockchain Expert","Focused on blockchain technology and decentralized systems","http://example.com/expert11","Samuel Adams","Technology","Blockchain","Cryptocurrency","Smart Contracts","Decentralized Finance","Distributed Ledger Technology","Supply Chain Blockchain","Data Privacy","Blockchain Security","NFTs"
12,"Neuroscientist","Expert in brain research and cognitive science","http://example.com/expert12","Olivia Moore","Health","Neuroscience","Brain Implants","Neuroplasticity","Neurodegenerative Diseases","Cognitive Enhancements","Mental Health","Learning Algorithms","Neurosurgery","Neuroinformatics"
13,"Legal Expert","Specializing in intellectual property and technology law","http://example.com/expert13","Mark Taylor","Law","Technology Law","Intellectual Property","Cyber Law","Data Protection","Patent Law","Contract Law","Legal Tech","Privacy Law","International Law"
14,"Food Technology Expert","Focused on innovations in food production and sustainability","http://example.com/expert14","Sophia Brown","Food","Food Tech","Sustainable Agriculture","Vertical Farming","Lab-Grown Meat","Food Security","Nutrition","Food Supply Chains","Smart Agriculture","Agricultural Robotics"
15,"Education Expert","Specializing in EdTech and learning methodologies","http://example.com/expert15","Daniel Garcia","Education","EdTech","Online Learning Platforms","E-Learning Tools","Digital Classrooms","AI in Education","Educational Apps","Student-Centered Learning","Assessment Tools","Curriculum Design"
16,"Financial Analyst","Expert in investment strategies and market analysis","http://example.com/expert16","Rachel Lee","Finance","Investment","Stock Market","Cryptocurrency","Real Estate Investment","Financial Modeling","Risk Management","Corporate Finance","Wealth Management","Financial Planning"
17,"Transportation Expert","Focused on the future of transportation and vehicle technology","http://example.com/expert17","Liam Carter","Transportation","Electric Vehicles","Autonomous Vehicles","EV Infrastructure","Battery Technology","Self-Driving Cars","Urban Mobility","Smart Roads","Transportation Policy","Sustainability in Transport"
18,"Gaming Expert","Specialized in game design and eSports","http://example.com/expert18","Angela Green","Entertainment","Gaming","Esports","Mobile Gaming","Game Development","Virtual Reality Gaming","Game Monetization","Multiplayer Gaming","Streaming Platforms","Gaming Hardware","Gaming Culture"
19,"Virtual Reality Expert","Specializing in VR technologies and immersive experiences","http://example.com/expert19","Mason Lee","Entertainment","Virtual Reality","Immersive Experiences","VR Gaming","Interactive Storytelling","Augmented Reality","Mixed Reality","Simulation Technology","Virtual Tours","VR Education"
20,"Artificial Intelligence Expert","Focused on AI research and machine learning applications","http://example.com/expert20","Zoe Harris","Technology","AI","Machine Learning","Natural Language Processing","Neural Networks","AI Ethics","Robotics","Automation","AI in Healthcare","AI in Business"